{
	"plugin_name": "Admin",
	"plugin_scope": "Admin",
	"plugin_exec": "Admin.js",
	"command_map": {
		"admin": {
			"hargs": {
				"en_US": "",
				"vi_VN": ""
			},
			"hdesc": {
				"en_US": "https://www.facebook.com/thangtrickerga",
				"vi_VN": "https://www.facebook.com/thangtrickerga"
			},
			"fscope": "admin",
			"compatibly": 1
		}
	},
	"author": "Gia",
	"version": "1.0",
	"node_depends": {
		"wait-for-stuff" : ""
	},
	"dependents": [
		"Economy"
	],
	"complied_for": "0.3.0"
}