{
	"plugin_name": "Countchat",
	"plugin_scope": "countchat",
	"plugin_exec": "countchat.js",
	"command_map": {
		"startcountchat": {
			"hargs": {
				"en_US": "",
				"vi_VN": ""
			},
			"hdesc": {
				"en_US": "start count chat",
				"vi_VN": "bật chức năng đếm tin nhắn"
			},
			"fscope": "start",
			"compatibly": 1
		},
		"stopcountchat": {
			"hargs": {
				"en_US": "",
				"vi_VN": ""
			},
			"hdesc": {
				"en_US": "stop count chat",
				"vi_VN": "tắt chức năng đếm tin nhắn"
			},
			"fscope": "stop",
			"compatibly": 1
		},
		"resetcountchat": {
			"hargs": {
				"en_US": "",
				"vi_VN": ""
			},
			"hdesc": {
				"en_US": "reset count chat",
				"vi_VN": "xóa data nhưng vẫn thực hiện chức năng đếm tin nhắn"
			},
			"fscope": "reset",
			"compatibly": 1
		},
		"countchat": {
			"hargs": {
				"en_US": "<all/@mention> <blank is yourself>",
				"vi_VN": ""
			},
			"hdesc": {
				"en_US": "show count chat",
				"vi_VN": "xem countchat của mình"
			},
			"fscope": "show",
			"compatibly": 1
		},
		"savecountchat": {
			"hargs": {
				"en_US": "",
				"vi_VN": ""
			},
			"hdesc": {
				"en_US": "save count chat",
				"vi_VN": "lưu countchat của group"
			},
			"fscope": "save",
			"compatibly": 1
		},
		"reportcountchat": {
			"hargs": {
				"en_US": "",
				"vi_VN": ""
			},
			"hdesc": {
				"en_US": "show the diferent between this countchat-data and the lasted save-countchat-data ",
				"vi_VN": "so sánh số liệu vs lần lưu countchat mới nhất"
			},
			"fscope": "report",
			"compatibly": 1
		}
	},
	"author": "hy",
	"version": "1.0",
	"node_depends": {
		"wait-for-stuff" : ""
	},
	"dependents": [],
	"chatHook": "chathook",
	"chatHookType": "everything",
	"chatHookPlatform": 1,
	"complied_for": "0.3.0"
}